parameter,estimate,se_approx
E0,0.07521915514967738,0.012748519481318813
Emax,0.9111849900637864,0.01942466835121824
EC50_um,1.3183571638671856,0.06615401908159203
Hill_n,1.3562438739848164,0.09496017922495603
